[
  {
    "slug": "wireless-earbuds-pro",
    "title": "Wireless Earbuds Pro",
    "category": "Tech Gadgets",
    "price_usd": 14.99,
    "price_ngn": 11000,
    "description": "Noise-cancelling Bluetooth earbuds with clear bass sound and compact case.",
    "image": "https://ae01.alicdn.com/kf/Sa1b2cd5b9f234e9f96e17b3a798b342c6.jpg",
    "supplier_url": "https://www.aliexpress.com/item/1005005549524689.html"
  },
  {
    "slug": "smartwatch-lite",
    "title": "Smartwatch Lite",
    "category": "Tech Gadgets",
    "price_usd": 19.99,
    "price_ngn": 15000,
    "description": "Fitness tracking smartwatch with heart rate monitor and customizable watch faces.",
    "image": "https://ae01.alicdn.com/kf/Sa3a3bafc2e69485a8a1d2b1bcb85a2c4N.jpg",
    "supplier_url": "https://www.aliexpress.com/item/1005006132212711.html"
  },
  {
    "slug": "vitamin-c-serum",
    "title": "Vitamin C Brightening Serum",
    "category": "Beauty Products",
    "price_usd": 7.99,
    "price_ngn": 6000,
    "description": "Lightweight serum with Vitamin C and Hyaluronic Acid for glowing skin.",
    "image": "https://ae01.alicdn.com/kf/S564a7d3e24cf4b68b8c2b6046c6db615F.jpg",
    "supplier_url": "https://www.aliexpress.com/item/1005005078209294.html"
  },
  {
    "slug": "resistance-band-set",
    "title": "5pcs Resistance Band Set",
    "category": "Fitness Gear",
    "price_usd": 12.0,
    "price_ngn": 9000,
    "description": "Durable latex resistance bands for home workouts, yoga, and physical therapy.",
    "image": "https://ae01.alicdn.com/kf/Sf330ab42d5b54f18b11f70e6514dcf9b7.jpg",
    "supplier_url": "https://www.aliexpress.com/item/1005005159646271.html"
  },
  {
    "slug": "mini-crossbody-bag",
    "title": "Mini Crossbody Shoulder Bag",
    "category": "Fashion Items",
    "price_usd": 13.5,
    "price_ngn": 10000,
    "description": "Trendy small crossbody bag with adjustable strap, perfect for daily use.",
    "image": "https://ae01.alicdn.com/kf/S3b0b1d8a55cf4a7ab989b6e6f2f781c8r.jpg",
    "supplier_url": "https://www.aliexpress.com/item/1005006006142123.html"
  }
]